ev_level1_evse_num,open_date,latitude,ev_connector_types,rd_blends_fr,nps_unit_name,owner_type_code,e85_other_ethanol_blends,ev_other_evse,ev_renewable_source,cng_vehicle_class,funding_sources,hy_is_retail,ev_network_ids,ev_network,status_code,lpg_primary,hy_standards,cng_renewable_source,hy_status_link,ev_pricing,groups_with_access_code,access_detail_code,station_name,e85_blender_pump,plus4,cng_psi,ng_fill_type_code,state,ev_dc_fast_num,lng_renewable_source,maximum_vehicle_class,ev_pricing_fr,restricted_access,zip,rd_blends,federal_agency,id,facility_type,city,geocode_status,cng_fill_type_code,country,ng_psi,cng_total_compression,ev_level2_evse_num,access_days_time_fr,lng_vehicle_class,lpg_nozzle_types,groups_with_access_code_fr,expected_date,fuel_type_code,access_days_time,station_phone,rd_blended_with_biodiesel,hy_pressures,lng_has_rng,cng_total_storage,intersection_directions_fr,ng_vehicle_class,access_code,ev_workplace_charging,date_last_confirmed,street_address,cng_has_rng,rd_max_biodiesel_level,bd_blends_fr,cards_accepted,ev_network_web,longitude,cng_dispenser_num,intersection_directions,updated_at,bd_blends
,2011-03-15,33.50948,"['CHADEMO', 'J1772', 'J1772COMBO']",,,P,,,,,,,,Non-Networked,E,,,,,Free,Public - Call ahead,CALL,ABC Nissan,,,,,AZ,1,,LD,,False,85014,,,39859,CAR_DEALER,Phoenix,200-8,,US,,,1,,,,Public - Appeler à l'avance,,ELEC,Dealership business hours,602-264-2332,,,,,,,public,False,2024-02-12,1300 E Camelback Rd,,,,,,-112.05471,,,2025-02-12T00:16:32Z,
,2011-03-15,33.6398,"['CHADEMO', 'J1772', 'J1772COMBO']",,,P,,,,,,,,Non-Networked,E,,,,,Free,Public - Call ahead,CALL,Midway Nissan,,,,,AZ,2,,LD,,False,85023,,,39861,CAR_DEALER,Phoenix,200-8,,US,,,2,,,,Public - Appeler à l'avance,,ELEC,Dealership business hours,602-635-6512,,,,,,,public,False,2024-02-12,2209 W Bell Rd,,,,,,-112.10787,,,2025-02-12T00:16:32Z,
,2011-03-15,33.6398,['J1772'],,,P,,,,,,,,Non-Networked,E,,,,,Free,Private,,Midway Nissan,,,,,AZ,,,LD,,,85023,,,48341,CAR_DEALER,Phoenix,200-8,,US,,,2,,,,Privé,,ELEC,,602-635-6512,,,,,,,private,False,2024-02-12,2209 W Bell Rd,,,,,,-112.10787,,,2025-02-12T00:16:32Z,
,2011-03-15,33.50948,['J1772'],,,P,,,,,,,,Non-Networked,E,,,,,Free,Private,,ABC Nissan,,,,,AZ,,,LD,,,85014,,,48346,CAR_DEALER,Phoenix,200-8,,US,,,1,,,,Privé,,ELEC,,602-264-2332,,,,,,,private,False,2024-02-12,1300 E Camelback Rd,,,,,,-112.05471,,,2025-02-12T00:16:32Z,
,2014-12-17,33.635457,['J1772'],,,,,,,,,,"{'station': ['USCPIL104135'], 'posts': ['23755941']}",ChargePoint Network,E,,,,,,Public,,VASEO VASEO STATION1,,,,,AZ,,,,,,85022,,,64817,,Phoenix,GPS,,US,,,1,,,,Public,,ELEC,24 hours daily,888-758-4389,,,,,,,public,False,2025-03-19,16220 N 7th St,,,,,https://www.chargepoint.com,-112.066788,,Charging stations are located just north of the convenience store next to the Vaseo leasing office,2025-03-19T01:05:27Z,
,2015-03-09,33.300789,['J1772'],,,,,,,,,,"{'station': ['USCPIL113249'], 'posts': ['16196741', '16196751']}",ChargePoint Network,E,,,,,,Public,,LIV COMMUNITIES LIV AHWATUKEE 2,,,,,AZ,,,,,,85048,,,66290,,Phoenix,GPS,,US,,,2,,,,Public,,ELEC,24 hours daily,888-758-4389,,,,,,,public,False,2025-03-19,16025 S 50th St,,,,,https://www.chargepoint.com,-111.97384,,Station is in gated parking area.,2025-03-19T01:07:30Z,
,2015-04-22,33.447942,['J1772'],,,,,,,,,,"{'station': ['USCPIL118531'], 'posts': ['150713', '150715']}",ChargePoint Network,T,,,,,,TEMPORARILY UNAVAILABLE (Public),,COLLIER1 COLLIER 1,,,,,AZ,,,,,,85004,,,66794,,Phoenix,GPS,,US,,,2,,,,TEMPORAIREMENT SUSPENDU (Public),2024-06-21,ELEC,24 hours daily,888-758-4389,,,,,,,public,False,2025-03-19,201 E Washington St,,,,,https://www.chargepoint.com,-112.070409,,Level P1 -   First 3 hr(s) $1.50hr  Thereafter $3.00hr,2025-03-19T01:10:38Z,
,2016-06-07,33.447778,['J1772'],,,,,,,,,,"{'station': ['USCPIL151903'], 'posts': ['23864371', '23864381']}",ChargePoint Network,E,,,,,,Public,,CITY SCAPE WEST GARAGE 2,,,,,AZ,,,,,,85003,,,76160,,Phoenix,GPS,,US,,,2,,,,Public,,ELEC,24 hours daily,888-758-4389,,,,,,,public,False,2025-03-19,50 W Washington St,,,,,https://www.chargepoint.com,-112.074798,,Parking garage level P1,2025-03-19T01:17:35Z,
,2016-06-07,33.44793,['J1772'],,,,,,,,,,"{'station': ['USCPIL151841'], 'posts': ['23332721', '23332731']}",ChargePoint Network,E,,,,,,Public,,CITY SCAPE EAST GARAGE 2,,,,,AZ,,,,,,85004,,,76161,,Phoenix,GPS,,US,,,2,,,,Public,,ELEC,24 hours daily,888-758-4389,,,,,,,public,False,2025-03-19,1 E Washington St,,,,,https://www.chargepoint.com,-112.073555,,Parking garage level P1,2025-03-19T01:17:34Z,
,2016-07-01,33.490872,['J1772'],,,,,,,,,,"{'station': ['USCPIL150863'], 'posts': ['26472821', '26472831']}",ChargePoint Network,E,,,,,,Public,,CLARENDONHOTEL CLARENDON 1,,,,,AZ,,,,,,85013,,,76836,,Phoenix,GPS,,US,,,2,,,,Public,,ELEC,24 hours daily,888-758-4389,,,,,,,public,False,2025-03-19,401 W Clarendon Ave,,,,,https://www.chargepoint.com,-112.079322,,Located at Guest Parking,2025-03-19T01:17:24Z,
,2016-11-23,33.448447,['J1772'],,,,,,,,,,"{'station': ['USCPIL1865861'], 'posts': ['12985531', '12985541']}",ChargePoint Network,E,,,,,,Public,,1110-ADOA 1110 SOUTH UNIT,,,,,AZ,,,,,,85007,,,79956,,Phoenix,GPS,,US,,,2,,,,Public,,ELEC,24 hours daily,888-758-4389,,,,,,,public,False,2025-03-19,1010 W Washington St,,,,,https://www.chargepoint.com,-112.086721,,Use Visitor Entrance on W. Washington St.,2025-03-19T01:44:44Z,
,2016-12-01,33.449412,['J1772'],,,,,,,,,,"{'station': ['USCPIL1873261'], 'posts': ['12984141', '12984151']}",ChargePoint Network,E,,,,,,Public,,1110-ADOA ADOA CNTR UNIT,,,,,AZ,,,,,,85007,,,80014,,Phoenix,GPS,,US,,,2,,,,Public,,ELEC,24 hours daily,888-758-4389,,,,,,,public,False,2025-03-19,100 N 15th Avenue,,,,,https://www.chargepoint.com,-112.092701,,,2025-03-19T01:45:02Z,
,2017-06-22,33.449983,['J1772'],,,,,,,,,,"{'station': ['USCPIL191611'], 'posts': ['258805', '258807']}",ChargePoint Network,E,,,,,,Public,,151 PARKING GAR 1ST FL A,,,,,AZ,,,,,,85007,,,85633,,Phoenix,GPS,,US,,,2,,,,Public,,ELEC,24 hours daily,888-758-4389,,,,,,,public,False,2025-03-19,150 N 18th Ave,,,,,https://www.chargepoint.com,-112.097884,,1st Floor,2025-03-19T01:24:21Z,
,2017-07-14,33.508316,['J1772'],,,,,,,,,,"{'station': ['USCPIL191749'], 'posts': ['259087', '259089']}",ChargePoint Network,E,,,,,,Public,,ESPLANADE 5,,,,,AZ,,,,,,85016,,,85901,,Phoenix,GPS,,US,,,2,,,,Public,,ELEC,24 hours daily,888-758-4389,,,,,,,public,False,2025-03-19,2501 E Camelback Rd,,,,,https://www.chargepoint.com,-112.027213,,,2025-03-19T01:24:23Z,
,2017-07-14,33.508105,['J1772'],,,,,,,,,,"{'station': ['USCPIL191741'], 'posts': ['259073', '259075']}",ChargePoint Network,E,,,,,,Public,,ESPLANADE 3,,,,,AZ,,,,,,85016,,,85902,,Phoenix,GPS,,US,,,2,,,,Public,,ELEC,24 hours daily,888-758-4389,,,,,,,public,False,2025-03-19,2508 E Esplanade Ln,,,,,https://www.chargepoint.com,-112.027568,,,2025-03-19T01:24:23Z,
,2017-07-14,33.508087,['J1772'],,,,,,,,,,"{'station': ['USCPIL191709'], 'posts': ['259013', '259015']}",ChargePoint Network,E,,,,,,Public,,ESPLANADE 2,,,,,AZ,,,,,,85016,,,85903,,Phoenix,GPS,,US,,,2,,,,Public,,ELEC,24 hours daily,888-758-4389,,,,,,,public,False,2025-03-19,2470-2508 E Esplanade Ln,,,,,https://www.chargepoint.com,-112.027579,,,2025-03-19T01:24:23Z,
,2013-04-15,33.604665,['J1772'],,,,,,,,,,"{'station': ['465ba1dd-d734-8158-93cc-330000050253'], 'posts': ['4d156cf8-e00c-46f4-b99b-6925ba971340', 'a3b5eecd-aa92-45b9-b16f-d3e1a1df8753']}",Blink Network,E,,,,,Free,Public,,Mesquite Library,,,,,AZ,,,,,,85032,,,95117,,Phoenix,GPS,,US,,,2,,,,Public,,ELEC,24 hours daily,888-998-2546,,,,,,,public,False,2025-03-19,4525 E Paradise Village Parkway North,,,,,https://blinkcharging.com,-111.983689,,,2025-03-19T00:15:24Z,
,2012-05-31,33.467302,['J1772'],,,,,,,,,,"{'station': ['465ba1dd-d734-8158-93cc-330000053427'], 'posts': ['21b33196-ffaa-43d2-8b0d-321f6a4f665f']}",Blink Network,E,,,,,Free,Public,,Phoenix Theatre,,,,,AZ,,,,,,85004,,,95412,,Phoenix,GPS,,US,,,1,,,,Public,,ELEC,24 hours daily,888-998-2546,,,,,,,public,False,2025-03-19,1625 N Central Ave,,,,,https://blinkcharging.com,-112.073412,,,2025-03-19T00:22:05Z,
,2012-01-15,33.87559856047207,['J1772'],,,,,,,,,,"{'station': ['465ba1dd-d734-8158-93cc-330000055195'], 'posts': ['40ae7f20-b15a-e914-7b8a-0b3f5ab2f429', '4d7ad17b-6c0d-4bab-b487-61dbb95ae800']}",Blink Network,E,,,,,Free,Public,,Outlets at Anthem,,,,,AZ,,,,,,85086,,,95568,,Phoenix,GPS,,US,,,2,,,,Public,,ELEC,24 hours daily,888-998-2546,,,,,,,public,False,2025-03-19,4250 West Anthem Way,,,,,https://blinkcharging.com,-112.1491985686012,,,2025-03-19T00:31:55Z,
,2012-01-15,33.482058,['J1772'],,,,,,,,,,"{'station': ['465ba1dd-d734-8158-93cc-330000022740'], 'posts': ['2685a839-46da-46c5-a154-95c14a0a1a11', '74e8cdca-3dc3-4694-83d9-90d290097b0a']}",Blink Network,E,,,,,Free,Public,,Phoenix Community College Garage,,,,,AZ,,,,,,85013,,,95616,,Phoenix,GPS,,US,,,2,,,,Public,,ELEC,24 hours daily,888-998-2546,,,,,,,public,False,2025-03-19,1202 West Thomas Road,,,,,https://blinkcharging.com,-112.090209,,,2025-03-19T00:28:41Z,
,2015-04-01,33.447637,['J1772'],,,,,,,,,,"{'station': ['465ba1dd-d734-8158-93cc-330000203996'], 'posts': ['3b5fefe7-52fc-f788-cf14-b5a718c2231e', '56992772-81c3-5421-2807-4baad2f2467a', '82162a3b-0a97-f529-de29-3fdfed220b2c', '87536c75-11fb-b1f2-03f8-dead7a1f3235', 'e4e1706b-cc30-91e5-8ecc-9bfbac284bd2', 'f0fa082f-3f39-4027-b854-a6ee9dfc9ead']}",Blink Network,E,,,,,Free,Public,,Phoenix Convention Center - East Garage 4th Level,,,,,AZ,,,,,,85004,,,95706,,Phoenix,GPS,,US,,,6,,,,Public,,ELEC,24 hours daily,888-998-2546,,,,,,,public,False,2025-03-19,601 E. Washington Street,,,,,https://blinkcharging.com,-112.066308,,,2025-03-19T00:23:50Z,
,2015-04-01,33.450052,['J1772'],,,,,,,,,,"{'station': ['465ba1dd-d734-8158-93cc-330000204032'], 'posts': ['14690394-01b4-bb8d-b53b-6fcaf5fd43dc', '1fc68183-f197-79a6-ff40-42d4999c5511']}",Blink Network,E,,,,,Free,Public,,Phoenix Childrens Museum,,,,,AZ,,,,,,85034,,,95707,,Phoenix,GPS,,US,,,2,,,,Public,,ELEC,24 hours daily,888-998-2546,,,,,,,public,False,2025-03-19,215 N 7th Street,,,,,https://blinkcharging.com,-112.064103,,,2025-03-19T00:39:43Z,
,2012-01-15,33.46327,['J1772'],,,,,,,,,,"{'station': ['465ba1dd-d734-8158-93cc-330000043064'], 'posts': ['48379ddb-9216-b27b-3406-168b66fa415e', 'a5d8fd54-ff4b-2885-453d-c3a2c66877f9', 'a6549b86-fe8a-0604-43a9-606aaf7f5858', 'f122ca58-bc3c-8f09-2cc1-c7597fe8047e']}",Blink Network,E,,,,,Free,Public,,Burton Barr Library,,,,,AZ,,,,,,85004,,,96019,,Phoenix,GPS,,US,,,4,,,,Public,,ELEC,24 hours daily,888-998-2546,,,,,,,public,False,2025-03-19,1221 N Central Ave,,,,,https://blinkcharging.com,-112.073321,,,2025-03-19T00:20:30Z,
,2016-09-26,33.449695,['J1772'],,,,,,,,,,"{'station': ['465ba1dd-d734-8158-93cc-330000060024'], 'posts': ['0a3a935e-0505-f017-cc0b-578bd3ff8303', 'd919d031-5433-46ff-ae4c-69f05fde95c3']}",Blink Network,E,,,,,Free,Public,,Phoenix Convention Center - Heritage Garage,,,,,AZ,,,,,,85004,,,96059,,Phoenix,GPS,,US,,,2,,,,Public,,ELEC,24 hours daily,888-998-2546,,,,,,,public,False,2025-03-19,123 N. 5th Street,,,,,https://blinkcharging.com,-112.067236,,,2025-03-19T00:13:46Z,
,2012-05-31,33.577867,['J1772'],,,,,,,,,,"{'station': ['465ba1dd-d734-8158-93cc-330000060025'], 'posts': ['c9ac3e33-405e-46b5-a394-28a3b9b2258a']}",Blink Network,E,,,,,Free,Public,,Cholla Library,,,,,AZ,,,,,,85051,,,96060,,Phoenix,GPS,,US,,,1,,,,Public,,ELEC,24 hours daily,888-998-2546,,,,,,,public,False,2025-03-19,10050 Metro Parkway East,,,,,https://blinkcharging.com,-112.11905,,,2025-03-19T00:13:46Z,
,2012-01-15,33.554009,['J1772'],,,,,,,,,,"{'station': ['465ba1dd-d734-8158-93cc-330000060386'], 'posts': ['0917c065-33fb-9948-a85a-0ec226f23997', '63286fdd-d365-4173-846f-93e8c260a5f8']}",Blink Network,E,,,,,Free,Public,,Bookmans - 19th Avenue,,,,,AZ,,,,,,85021,,,96100,,Phoenix,GPS,,US,,,2,,,,Public,,ELEC,24 hours daily,888-998-2546,,,,,,,public,False,2025-03-19,8034 North 19th Avenue,,,,,https://blinkcharging.com,-112.100952,,,2025-03-19T00:15:25Z,
,2018-07-20,33.766378,['J1772'],,,,,,,,,,"{'station': ['USCPIL475681'], 'posts': ['22407791', '22407801']}",ChargePoint Network,E,,,,,,Public,,NOVA NV NOVA 1,,,,,AZ,,,,,,85085,,,99823,,Phoenix,GPS,,US,,,2,,,,Public,,ELEC,24 hours daily,888-758-4389,,,,,,,public,False,2025-03-19,31113 N North Valley Pkwy,,,,,https://www.chargepoint.com,-112.111884,,,2025-03-19T01:32:02Z,
,2018-07-23,33.511837,['TESLA'],,,P,,,,,,,,Tesla,E,,,,,,Public,,Biltmore Fashion Park - Tesla Supercharger,,,,,AZ,16,,,,,85016,,,101988,SHOPPING_MALL,Phoenix,GPS,,US,,,,,,,Public,,ELEC,24 hours daily. Please check Tesla's online station map to see if an adapter is required at this location.,877-798-3752,,,,,,,public,False,2024-07-01,2502 East Camelback Road,,,,,https://www.tesla.com/supercharger,-112.026803,,,2025-02-12T00:16:32Z,
,2018-07-23,33.667055,['TESLA'],,,P,,,,,,,,Tesla,E,,,,,,Public,,Deer Valley Town Center - Tesla Supercharger,,,,,AZ,16,,,,,85027,,,101989,,Phoenix,GPS,,US,,,,,,,Public,,ELEC,24 hours daily. Please check Tesla's online station map to see if an adapter is required at this location.,877-798-3752,,,,,,,public,False,2024-07-01,2805 Agua Fria Fwy,,,,,https://www.tesla.com/supercharger,-112.120898,,,2025-02-12T00:16:32Z,
,2018-10-17,33.701326,['J1772'],,,,,,,,,,"{'station': ['USCPIL192283'], 'posts': ['22618741']}",ChargePoint Network,E,,,,,,Public,,NEXMETRO DEER VALLEY ST1,,,,,AZ,,,,,,85085,,,104200,,Phoenix,GPS,,US,,,1,,,,Public,,ELEC,24 hours daily,888-758-4389,,,,,,,public,False,2025-03-19,23700 N 23rd Ave,,,,,https://www.chargepoint.com,-112.109065,,Front of Leasing office,2025-03-19T01:24:33Z,
,2018-12-05,33.480625,['J1772'],,,,,,,,,,"{'station': ['USCPIL707881'], 'posts': ['941351', '941361']}",ChargePoint Network,E,,,,,,Public,,ARCADIA 4222 STATION 1,,,,,AZ,,,,,,85018,,,105103,,Phoenix,GPS,,US,,,2,,,,Public,,ELEC,24 hours daily,888-758-4389,,,,,,,public,False,2025-03-19,4203 E Thomas Rd,,,,,https://www.chargepoint.com,-111.990211,,Garage - ground level,2025-03-19T01:36:36Z,
,2017-11-06,33.596778,"['J1772', 'TESLA']",,,P,,,,,,,,Tesla Destination,E,,,,,Free,Public,,Pointe Hilton Tapatio Cliffs Resort - Tesla Destination,,,,,AZ,,,,,,85020,,,112780,HOTEL,Phoenix,200-9,,US,,,4,,,,Public,,ELEC,,877-798-3752,,,,,,,public,False,2024-07-01,11111 N 7th St,,,,,https://www.tesla.com/destination-charging,-112.064907,,,2025-02-12T00:16:32Z,
,2018-05-31,33.523241,['TESLA'],,,P,,,,,,,,Tesla Destination,E,,,,,Free,Public,,"Arizona Biltmore, A Waldorf Astoria Resort - Tesla Destination",,,,,AZ,,,,,,85016,,,112781,HOTEL,Phoenix,200-9,,US,,,6,,,,Public,,ELEC,,877-798-3752,,,,,,,public,False,2024-07-01,2400 E Missouri Ave,,,,,https://www.tesla.com/destination-charging,-112.023321,,,2025-02-12T00:16:32Z,
,2016-09-29,33.508629,"['J1772', 'TESLA']",,,P,,,,,,,,Tesla Destination,E,,,,,Free,Public,,The Camby Hotel - Tesla Destination,,,,,AZ,,,,,,85016,,,112782,HOTEL,Phoenix,200-9,,US,,,5,,,,Public,,ELEC,,877-798-3752,,,,,,,public,False,2024-07-01,2401 E. Camelback,,,,,https://www.tesla.com/destination-charging,-112.029714,,,2025-02-12T00:16:32Z,
,2015-10-23,33.424609,['TESLA'],,,P,,,,,,,,Tesla Destination,E,,,,,Free,Public,,Cutter Aviation Phoenix Sky Harbor - Tesla Destination,,,,,AZ,,,,,,85034,,,112783,OFFICE_BLDG,Phoenix,200-9,,US,,,2,,,,Public,,ELEC,,877-798-3752,,,,,,,public,False,2024-07-01,2802 E Old Tower Rd,,,,,https://www.tesla.com/destination-charging,-112.021664,,,2025-02-12T00:16:32Z,
,2015-09-28,33.509287,"['J1772', 'TESLA']",,,P,,,,,,,,Tesla Destination,E,,,,,Free,Public,,Buck & Rider - Tesla Destination,,,,,AZ,,,,,,85018,,,112784,HOTEL,Phoenix,200-9,,US,,,3,,,,Public,,ELEC,,877-798-3752,,,,,,,public,False,2024-07-01,4225 E Camelback Rd,,,,,https://www.tesla.com/destination-charging,-111.988706,,,2025-02-12T00:16:32Z,
,2018-01-18,33.595732,"['J1772', 'TESLA']",,,P,,,,,,,,Tesla Destination,E,,,,,Free,Public,,Embassy Suites Phoenix-Scottsdale - Tesla Destination,,,,,AZ,,,,,,85032,,,112785,HOTEL,Phoenix,200-9,,US,,,4,,,,Public,,ELEC,,877-798-3752,,,,,,,public,False,2024-07-01,4415 E Paradise Village Pkwy S,,,,,https://www.tesla.com/destination-charging,-111.985693,,,2025-02-12T00:16:32Z,
,2018-02-20,33.674612,"['J1772', 'TESLA']",,,P,,,,,,,,Tesla Destination,E,,,,,Free,Public,,Cambria Hotel & Suites North Scottsdale Desert Ridge - Tesla Destination,,,,,AZ,,,,,,85050,,,112786,HOTEL,Phoenix,200-9,,US,,,4,,,,Public,,ELEC,,877-798-3752,,,,,,,public,False,2024-07-01,4425 E Irma Ln,,,,,https://www.tesla.com/destination-charging,-111.98265,,,2025-02-12T00:16:32Z,
,2014-12-02,33.504236,['TESLA'],,,P,,,,,,,,Tesla Destination,E,,,,,Free,Public,,Royal Palms Resort and Spa - Tesla Destination,,,,,AZ,,,,,,85018,,,112787,HOTEL,Phoenix,200-9,,US,,,2,,,,Public,,ELEC,,877-798-3752,,,,,,,public,False,2024-07-01,5200 E Camelback Rd,,,,,https://www.tesla.com/destination-charging,-111.969247,,,2025-02-12T00:16:32Z,
,2015-10-26,33.684154,['TESLA'],,,P,,,,,,,,Tesla Destination,E,,,,,Free,Public,,Cutter Aviation Deer Valley - Tesla Destination,,,,,AZ,,,,,,85027,,,112788,OFFICE_BLDG,Phoenix,200-8,,US,,,1,,,,Public,,ELEC,,877-798-3752,,,,,,,public,False,2024-07-01,530 W Deer Valley Rd,,,,,https://www.tesla.com/destination-charging,-112.081904,,,2025-02-12T00:16:32Z,
,2015-06-17,33.675874,['TESLA'],,,P,,,,,,,,Tesla Destination,E,,,,,Free,Public,,High Street - Tesla Destination,,,,,AZ,,,,,,85054,,,112789,STREET_PARKING,Phoenix,200-8,,US,,,2,,,,Public,,ELEC,,877-798-3752,,,,,,,public,False,2024-07-01,5415 E High St,,,,,https://www.tesla.com/destination-charging,-111.967054,,,2025-02-12T00:16:32Z,
,2016-11-01,33.448829,"['J1772', 'TESLA']",,,P,,,,,,,,Tesla Destination,E,,,,,Free,Public,,Crowne Plaza Phoenix Airport Hotel - Tesla Destination,,,,,AZ,,,,,,85034,,,112791,HOTEL,Phoenix,200-9,,US,,,2,,,,Public,,ELEC,,877-798-3752,,,,,,,public,False,2024-07-01,4300 E Washington St,,,,,https://www.tesla.com/destination-charging,-111.988517,,,2025-02-12T00:16:32Z,
,2011-03-15,33.907866,"['CHADEMO', 'J1772']",,,P,,,,,,,,Non-Networked,E,,,,,Free,Public - Call ahead,CALL,Nalley Nissan of Atlanta,,,,,GA,2,,LD,,False,30360,,,39985,CAR_DEALER,Atlanta,GPS,,US,,,1,,,,Public - Appeler à l'avance,,ELEC,"9am-8pm M-Sat, 12pm-5pm Sun",855-416-9828,,,,,,,public,False,2024-02-12,2551 The Nalley Way,,,,,,-84.283186,,,2025-02-12T00:16:32Z,
,2011-07-27,33.90999,"['J1772', 'J1772COMBO']",,,P,,,SOLAR,,,,,Non-Networked,E,,,,,Free,Public - Call ahead,CALL,Jim Ellis Chevrolet,,,,,GA,1,,LD,,True,30341,,,40790,CAR_DEALER,Atlanta,GPS,,US,,,6,,,,Public - Appeler à l'avance,,ELEC,9am-8pm M-Sat; for Volt use only,,,,,,,,public,False,2024-01-09,5900 Peachtree Industrial Blvd,,,,,,-84.2914,,"South of I-285 on west side of Peachtree Industrial Blvd, located near the sales department",2024-01-31T22:07:01Z,
,2012-02-15,33.9064807,['J1772'],,,P,,,,,,,,Non-Networked,E,,,,,Free,Public,,Hilton Garden Inn - Marietta,,,,,GA,,,,,True,30339,,,46642,HOTEL,Atlanta,GPS,,US,,,4,,,,Public,,ELEC,24 hours daily; for guest use only,770-953-8850,,,,,,,public,False,2024-12-10,3045 Windy Hill Rd,,,,,,-84.4639319,,,2025-02-12T00:16:32Z,
,2012-05-15,33.787208,['J1772'],,,P,,,,,,,,Non-Networked,E,,,,,,Private,,One Atlantic Center,,,,,GA,,,LD,,,30309,,,46991,PARKING_GARAGE,Atlanta,200-9,,US,,,19,,,,Privé,,ELEC,Tenant and guest use only,,,,,,,,private,False,2024-12-10,1201 W Peachtree St,,,,,,-84.387453,,Stations are located on the W Peachtree Rd side of the parking deck near the exit on level B2,2025-02-12T00:16:32Z,
,2012-06-06,33.787,['J1772'],,,P,,,,,,,,Non-Networked,E,,,,,,Private,,1180 Peachtree Building,,,,,GA,,,LD,,,30309,,,47246,PAY_GARAGE,Atlanta,200-9,,US,,,4,,,,Privé,,ELEC,Tenant and guest use only; pay lot,,,,,,,,private,False,2022-08-10,1180 Peachtree St NE,,,,,,-84.383549,,NW corner of Peachtree and 14th St. 14th floor of Peachtree building parking garage,2023-02-15T22:45:41Z,
,2013-04-01,33.767508,['J1772'],,,P,,,,,,,,Non-Networked,E,,,,,,Private,,Southface,,,,,GA,,,,,,30308,,,51522,PARKING_LOT,Atlanta,200-8,,US,,,1,,,,Privé,,ELEC,Member and staff use only,,,,,,,,private,False,2025-01-13,241 Pine St NE,,,,,,-84.38028,,Located on the right side of the complex at the end of the driveway.,2025-02-12T00:16:32Z,
60,2013-05-01,33.669868,['NEMA515'],,,P,,,,,,,,Non-Networked,E,,,,,Free,Public,,Peachy Airport Parking,,,,,GA,,,LD,,False,30354,,,52108,PAY_GARAGE,Atlanta,200-9,,US,,,,,,,Public,,ELEC,24 hours daily; pay lot; reservations accepted; Drivers must bring their own J1772 cordset for Level 1 charging,404-767-7275,,,,,,,public,False,2023-09-14,3025 Sylvan Rd,,,,,,-84.418478,,,2024-01-31T22:07:01Z,
,2014-06-07,33.751991,['J1772'],,,,,,,,,,"{'station': ['USCPIL145131'], 'posts': ['193463', '193465']}",ChargePoint Network,E,,,,,,Public,,GEORGIA STATE G DECK EV2,,,,,GA,,,,,,30303,,,62062,,Atlanta,GPS,,US,,,2,,,,Public,,ELEC,24 hours daily,888-758-4389,,,,,,,public,False,2025-03-19,52 Courtland St SE,,,,,https://www.chargepoint.com,-84.387318,,Located on the 4th floor near the entrance.,2025-03-19T01:16:35Z,
1,2014-01-12,33.75886,"['J1772', 'NEMA520']",,,P,,,,,,,,Non-Networked,E,,,,,Free,Public,,Sheraton Hotel,,,,,GA,,,LD,,False,30303,,,62519,HOTEL,Atlanta,200-8,,US,,,1,,,,Public,,ELEC,Garage business hours; pay lot; see valet for access; Drivers must bring their own J1772 cordset for Level 1 charging,404-659-6500,,,,,,,public,False,2023-08-10,165 Courtland St NE,,,,,,-84.384194,,"Located on left side of the parking garage, see valet",2024-01-31T22:07:01Z,
,2017-01-16,33.874961,['J1772'],,,P,,,,,,,,Non-Networked,E,,,,,Free,Public - Call ahead,CALL,DeKalb Peachtree Airport,,,,,GA,,,LD,,False,30341,,,67099,AIRPORT,Atlanta,200-9,,US,,,2,,,,Public - Appeler à l'avance,,ELEC,24 hours daily; call ahead to obtain code to use the charger,770-936-5440,,,,,,,public,False,2023-01-10,2000 Airport Rd,,,,,,-84.301305,,,2023-02-14T15:54:11Z,
,2015-10-15,33.755638,['J1772'],,,,,,,,,,"{'station': ['USCPIL126631'], 'posts': ['165631', '165633']}",ChargePoint Network,E,,,,,,Public,,GWCC GWCC MB NGW 8,,,,,GA,,,,,,30303,,,70512,,Atlanta,GPS,,US,,,2,,,,Public,,ELEC,24 hours daily,888-758-4389,,,,,,,public,False,2025-03-19,Mangum St SW,,,,,https://www.chargepoint.com,-84.398674,,,2025-03-19T01:13:47Z,
,2015-10-28,33.848618,['J1772'],,,,,,,,,,"{'station': ['USCPIL127135'], 'posts': ['2337531', '2337541']}",ChargePoint Network,E,,,,,,Public,,HIGHWOODS 2800 NGW1,,,,,GA,,,,,,30345,,,70705,,Atlanta,GPS,,US,,,2,,,,Public,,ELEC,24 hours daily,888-758-4389,,,,,,,public,False,2025-03-19,2800 Century Center Dr,,,,,https://www.chargepoint.com,-84.304817,,Near loading dock,2025-03-19T01:13:57Z,
,2015-11-07,33.846544,['J1772'],,,,,,,,,,"{'station': ['USCPIL127131'], 'posts': ['1992551', '1992561']}",ChargePoint Network,E,,,,,,Public,,HIGHWOODS 2400 NGW,,,,,GA,,,,,,30345,,,71016,,Atlanta,GPS,,US,,,2,,,,Public,,ELEC,24 hours daily,888-758-4389,,,,,,,public,False,2025-03-19,2400 Century Center Dr,,,,,https://www.chargepoint.com,-84.3063,,,2025-03-19T01:13:57Z,
,2015-11-14,33.85114,['J1772'],,,,,,,,,,"{'station': ['USCPIL154535'], 'posts': ['23317841', '23317851']}",ChargePoint Network,E,,,,,,Public,,THREE ALLIANCE 3 ALLIANCE EV1,,,,,GA,,,,,,30326,,,71107,,Atlanta,GPS,,US,,,2,,,,Public,,ELEC,24 hours daily,888-758-4389,,,,,,,public,False,2025-03-19,3560 Lenox Rd NE,,,,,https://www.chargepoint.com,-84.366722,,,2025-03-19T01:18:16Z,
,2015-12-31,33.85194,['J1772'],,,,,,,,,,"{'station': ['USCPIL133023'], 'posts': ['954971', '954981']}",ChargePoint Network,T,,,,,,TEMPORARILY UNAVAILABLE (Public),,MONARCH TOWER G MONARCH TOWER 2,,,,,GA,,,,,,30326,,,72282,,Atlanta,GPS,,US,,,2,,,,TEMPORAIREMENT SUSPENDU (Public),2023-11-22,ELEC,24 hours daily,888-758-4389,,,,,,,public,False,2025-03-19,3424 Peachtree Rd NE,,,,,https://www.chargepoint.com,-84.364959,,Alliance Drive entrance G level near elevator lobby entrance,2025-03-19T01:15:09Z,
,2016-01-05,33.851384,['J1772'],,,,,,,,,,"{'station': ['USCPIL133431'], 'posts': ['259761', '259763']}",ChargePoint Network,T,,,,,,TEMPORARILY UNAVAILABLE (Public),,MONARCH TOWER G MONARCH PLAZA,,,,,GA,,,,,,30326,,,72323,,Atlanta,GPS,,US,,,2,,,,TEMPORAIREMENT SUSPENDU (Public),2023-11-07,ELEC,24 hours daily,888-758-4389,,,,,,,public,False,2025-03-19,3414 Peachtree Rd NE,,,,,https://www.chargepoint.com,-84.36464,,-Peachtree entrance garage level P-3 near elevator lobby,2025-03-19T01:15:10Z,
,2016-01-07,33.640281,['J1772'],,,,,,,,,,"{'station': ['USCPIL127627'], 'posts': ['297365', '297367']}",ChargePoint Network,T,,,,,,TEMPORARILY UNAVAILABLE (Public),,FASTPARK ATLANTA 1,,,,,GA,,,,,,30354,,,72379,,Atlanta,GPS,,US,,,2,,,,TEMPORAIREMENT SUSPENDU (Public),2025-01-14,ELEC,24 hours daily,888-758-4389,,,,,,,public,False,2025-03-19,211 Charles W Grant Pkwy,,,,,https://www.chargepoint.com,-84.398028,,,2025-03-19T01:14:11Z,
,2016-01-25,33.913436,['J1772'],,,P,,,,,,,{'station': ['164890G01001010000']},Non-Networked,E,,,,,Free,Public,,GE Campus,,,,,GA,,,LD,,False,30339,,,72695,OFFICE_BLDG,Atlanta,GPS,,US,,,2,,,,Public,,ELEC,24 hours daily,678-844-6000,,,,,,,public,True,2024-01-09,4200 Wildwood Pkwy,,,,,,-84.456553,,,2024-01-31T22:07:01Z,
,2016-03-24,33.899408,['J1772'],,,,,,,,,,"{'station': ['USCPIL144531'], 'posts': ['1080081', '1080091']}",ChargePoint Network,E,,,,,,Public,,ASSURANT - ATL STATION 2,,,,,GA,,,,,,30339,,,74319,,Atlanta,GPS,,US,,,2,,,,Public,,ELEC,24 hours daily,888-758-4389,,,,,,,public,False,2025-03-19,260 Interstate N Cir SE,,,,,https://www.chargepoint.com,-84.463308,,B Level of Parking deck,2025-03-19T01:16:26Z,
,2016-04-29,33.775604,['J1772'],,,,,,,,,,"{'station': ['USCPIL127607'], 'posts': ['25179731', '25179741']}",ChargePoint Network,E,,,,,,Public,,754 MIDTOWN GW,,,,,GA,,,,,,30308,,,75456,,Atlanta,GPS,,US,,,2,,,,Public,,ELEC,24 hours daily,888-758-4389,,,,,,,public,False,2025-03-19,759 West Peachtree St NW,,,,,https://www.chargepoint.com,-84.386929,,The station is located in a parking garage,2025-03-19T01:14:10Z,
,2016-05-21,33.866937,['J1772'],,,,,,,,,,"{'station': ['USCPIL149459'], 'posts': ['199053', '199055']}",ChargePoint Network,T,,,,,,TEMPORARILY UNAVAILABLE (Public),,OVERLOOK II SURFACE PARK 1,,,,,GA,,,,,,30339,,,75697,,Atlanta,GPS,,US,,,2,,,,TEMPORAIREMENT SUSPENDU (Public),2025-01-03,ELEC,24 hours daily,888-758-4389,,,,,,,public,False,2025-03-19,2839 Paces Ferry Rd SE,,,,,https://www.chargepoint.com,-84.47224,,"When you pull in, do not pull into the lower parking deck. Stations are on far wall in the corner.",2025-03-19T01:17:08Z,
,2016-07-27,33.891577,['J1772'],,,,,,,,,,"{'station': ['USCPIL154931'], 'posts': ['206819', '206821']}",ChargePoint Network,E,,,,,,Public,,BROOKLEIGH FLAT PARKING GARAGE,,,,,GA,,,,,,30319,,,77145,,Atlanta,GPS,,US,,,2,,,,Public,,ELEC,24 hours daily,888-758-4389,,,,,,,public,False,2025-03-19,3450 Blair Cir NE,,,,,https://www.chargepoint.com,-84.323784,,,2025-03-19T01:18:17Z,
,2016-09-15,33.763981,['J1772'],,,,,,,,,,"{'station': ['USCPIL2083491'], 'posts': ['25646511', '25646521']}",ChargePoint Network,E,,,,,,Public,,GEORGIA POWER GPC CORP HQ2 L2,,,,,GA,,,,,,30308,,,78489,,Atlanta,GPS,,US,,,2,,,,Public,,ELEC,24 hours daily,888-758-4389,,,,,,,public,False,2025-03-19,241 Ralph McGill Blvd NE,,,,,https://www.chargepoint.com,-84.380076,,,2025-03-19T01:53:44Z,
,2016-09-23,33.757551,['J1772'],,,,,,,,,,"{'station': ['USCPIL155849'], 'posts': ['208335']}",ChargePoint Network,E,,,,,,Public,,GSU HOUSING EVS UNIV COMMONS 2,,,,,GA,,,,,,30303,,,78599,,Atlanta,GPS,,US,,,1,,,,Public,,ELEC,24 hours daily,888-758-4389,,,,,,,public,False,2025-03-19,141 Piedmont Ave NE,,,,,https://www.chargepoint.com,-84.381217,,Located in parking deck P2,2025-03-19T01:18:43Z,
,2016-09-23,33.759038,['J1772'],,,,,,,,,,"{'station': ['USCPIL131371'], 'posts': ['172817', '172819']}",ChargePoint Network,E,,,,,,Public,,GSU HOUSING EVS PIEDMONT NORTH,,,,,GA,,,,,,30303,,,78606,,Atlanta,GPS,,US,,,2,,,,Public,,ELEC,24 hours daily,888-758-4389,,,,,,,public,False,2025-03-19,175 Piedmont Ave.,,,,,https://www.chargepoint.com,-84.380579,,,2025-03-19T01:14:48Z,
,2016-09-23,33.757569,['J1772'],,,,,,,,,,"{'station': ['USCPIL131341'], 'posts': ['23581471', '23581481']}",ChargePoint Network,E,,,,,,Public,,GSU HOUSING EVS UNIV COMMONS 1,,,,,GA,,,,,,30303,,,78607,,Atlanta,GPS,,US,,,2,,,,Public,,ELEC,24 hours daily,888-758-4389,,,,,,,public,False,2025-03-19,Piedmont Ave NE,,,,,https://www.chargepoint.com,-84.381199,,Located in parking deck P2,2025-03-19T01:14:47Z,
,2016-10-14,33.653832,['J1772'],,,,,,,,,,"{'station': ['USCPIL586821'], 'posts': ['798101', '798111']}",ChargePoint Network,T,,,,,,TEMPORARILY UNAVAILABLE (Public),,DELTA AIR LINES GO CHARGER 13,,,,,GA,,,,,,30354,,,78998,,Atlanta,GPS,,US,,,2,,,,TEMPORAIREMENT SUSPENDU (Public),2025-03-15,ELEC,24 hours daily,888-758-4389,,,,,,,public,False,2025-03-19,Hartsfield Dr SW,,,,,https://www.chargepoint.com,-84.423689,,,2025-03-19T01:34:17Z,
,2016-10-22,33.821482,['J1772'],,,,,,,,,,"{'station': ['USCPIL128189'], 'posts': ['23516641', '23516651']}",ChargePoint Network,E,,,,,,Public,,GEORGIA POWER MOROSGO L2,,,,,GA,,,,,,30324,,,79237,,Atlanta,GPS,,US,,,2,,,,Public,,ELEC,24 hours daily,888-758-4389,,,,,,,public,False,2025-03-19,2452 Morosgo Way NE,,,,,https://www.chargepoint.com,-84.365231,,,2025-03-19T01:14:19Z,
,2017-01-19,33.74186,"['CHADEMO', 'J1772COMBO']",,,,,,,,,,"{'station': ['USCPIL2050361'], 'posts': ['2436531']}",ChargePoint Network,E,,,,,,Public,,GEORGIA POWER GLENWOOD DC,,,,,GA,1,,,,,30316,,,80931,,Atlanta,GPS,,US,,,,,,,Public,,ELEC,24 hours daily,888-758-4389,,,,,,,public,False,2025-03-19,800 Glenwood Ave SE,,,,,https://www.chargepoint.com,-84.3595,,,2025-03-19T01:51:46Z,
10,2017-01-12,33.638488,['J1772'],,,P,,,,,,,,Non-Networked,E,,,,,Free,Public,,Hartsfield-Jackson Atlanta International Airport - Domestic Terminal South Hourly,,,,,GA,,,,,False,30320,,,81089,AIRPORT,Atlanta,GPS,,US,,,,,,,Public,,ELEC,24 hours daily,404-530-7300,,,,,,,public,False,2022-12-13,6000 N Terminal Pkwy,,,,,,-84.444031,,Located on the ground floor,2024-11-26T15:04:48Z,
,2017-01-12,33.643088,['J1772'],,,P,,,,,,,,Non-Networked,E,,,,,Free,Public,,Hartsfield-Jackson Atlanta International Airport - Domestic Terminal North Hourly,,,,,GA,,,,,False,30320,,,81090,AIRPORT,Atlanta,GPS,,US,,,10,,,,Public,,ELEC,24 hours daily,404-530-7300,,,,,,,public,False,2022-12-13,6000 N Terminal Pkwy,,,,,,-84.443467,,Located on the ground floor,2024-11-26T15:04:48Z,
10,2017-01-12,33.64137,['J1772'],,,P,,,,,,,,Non-Networked,E,,,,,Free,Public,,Hartsfield-Jackson Atlanta International Airport - International Terminal Hourly,,,,,GA,,,,,False,30320,,,81091,AIRPORT,Atlanta,GPS,,US,,,6,,,,Public,,ELEC,24 hours daily,404-530-7300,,,,,,,public,False,2022-12-13,6000 N Terminal Pkwy,,,,,,-84.419237,,Located on the second floor,2024-11-26T15:04:48Z,
28,2017-01-12,33.642508,['J1772'],,,P,,,,,,,,Non-Networked,E,,,,,Free,Public,,Hartsfield-Jackson Atlanta International Airport - International Terminal Park and Ride,,,,,GA,,,,,False,30320,,,81092,AIRPORT,Atlanta,GPS,,US,,,,,,,Public,,ELEC,24 hours daily,404-530-7300,,,,,,,public,False,2022-12-13,6000 N Terminal Pkwy,,,,,,-84.404983,,,2024-11-26T15:04:48Z,
,2017-01-12,33.64182,['J1772'],,,P,,,,,,,,Non-Networked,E,,,,,Free,Private,,Hartsfield-Jackson Atlanta International Airport - South Department of Aviation Employee Lot,,,,,GA,,,,,,30320,,,81093,AIRPORT,Atlanta,200-8,,US,,,2,,,,Privé,,ELEC,Employee use only,,,,,,,,private,True,2022-12-13,6000 N Terminal Pkwy,,,,,,-84.44262,,,2024-11-26T15:04:48Z,
2,2017-01-12,33.624612,['J1772'],,,P,,,,,,,,Non-Networked,E,,,,,Free,Private,,Hartsfield-Jackson Atlanta International Airport - Technical Support Campus,,,,,GA,,,,,,30320,,,81094,AIRPORT,Atlanta,GPS,,US,,,2,,,,Privé,,ELEC,Employee use only,,,,,,,,private,True,2022-12-13,6000 N Terminal Pkwy,,,,,,-84.427512,,,2024-11-26T15:04:48Z,
2,2017-01-12,33.625719,['J1772'],,,P,,,,,,,,Non-Networked,E,,,,,Free,Private,,Hartsfield-Jackson Atlanta International Airport - Airport Maintenance,,,,,GA,,,,,,30320,,,81095,AIRPORT,Atlanta,GPS,,US,,,2,,,,Privé,,ELEC,Employee use only,,,,,,,,private,True,2022-12-13,6000 N Terminal Pkwy,,,,,,-84.431299,,Located at Building 1,2024-11-26T15:04:48Z,
,2017-03-07,33.82329,['J1772'],,,,,,,,,,"{'station': ['USCPIL180561'], 'posts': ['9313851', '9313861']}",ChargePoint Network,E,,,,,,Public,,PEACHTREE EV 2500 PTREE EV,,,,,GA,,,,,,30305,,,81671,,Atlanta,GPS,,US,,,2,,,,Public,,ELEC,24 hours daily,888-758-4389,,,,,,,public,False,2025-03-19,2500 Peachtree Road Northwest,,,,,https://www.chargepoint.com,-84.388172,,Gated community. Private station.,2025-03-19T01:22:08Z,
,2017-03-08,33.851471,['J1772'],,,,,,,,,,"{'station': ['USCPIL158229'], 'posts': ['26224191', '26224201']}",ChargePoint Network,E,,,,,,Public,,THREE ALLIANCE 3 ALLIANCE EV2,,,,,GA,,,,,,30326,,,81676,,Atlanta,GPS,,US,,,2,,,,Public,,ELEC,24 hours daily,888-758-4389,,,,,,,public,False,2025-03-19,Alliance Center Dr NE,,,,,https://www.chargepoint.com,-84.366375,,3 Alliance Center,2025-03-19T01:19:13Z,
,2017-03-08,33.852015,['J1772'],,,,,,,,,,"{'station': ['USCPIL155147'], 'posts': ['26171941', '26171951']}",ChargePoint Network,E,,,,,,Public,,THREE ALLIANCE 3 ALLIANCE EV4,,,,,GA,,,,,,30326,,,81677,,Atlanta,GPS,,US,,,2,,,,Public,,ELEC,24 hours daily,888-758-4389,,,,,,,public,False,2025-03-19,3500 Lenox Rd NE,,,,,https://www.chargepoint.com,-84.366524,,,2025-03-19T01:18:17Z,
,2017-03-29,33.891366,['J1772'],,,,,,,,,,"{'station': ['USCPIL177031'], 'posts': ['238177', '238179']}",ChargePoint Network,T,,,,,,TEMPORARILY UNAVAILABLE (Public),,GO BRAVES EAST EV LEVEL 1,,,,,GA,,,,,,30339,,,82106,,Atlanta,GPS,,US,,,2,,,,TEMPORAIREMENT SUSPENDU (Public),2022-09-09,ELEC,24 hours daily,888-758-4389,,,,,,,public,False,2025-03-19,75 Circle Pkwy,,,,,https://www.chargepoint.com,-84.466019,,,2025-03-19T01:21:52Z,
,2017-04-01,33.892135,['J1772'],,,,,,,,,,"{'station': ['USCPIL181729'], 'posts': ['25076871', '25076881']}",ChargePoint Network,E,,,,,,Public,,GEORGIA POWER SUNTRUST L2 8,,,,,GA,,,,,,30339,,,82154,,Atlanta,GPS,,US,,,2,,,,Public,,ELEC,24 hours daily,888-758-4389,,,,,,,public,False,2025-03-19,655 Battery Ave SE Delta Deck Surface Lot,,,,,https://www.chargepoint.com,-84.466187,,Located near the front entrance of Delta,2025-03-19T01:22:23Z,
,2017-05-03,33.822875,['J1772'],,,,,,,,,,"{'station': ['USCPIL168775'], 'posts': ['226367', '226369']}",ChargePoint Network,T,,,,,,TEMPORARILY UNAVAILABLE (Public),,WESTOVER WESTOVER EV1,,,,,GA,,,,,,30318,,,82489,,Atlanta,GPS,,US,,,2,,,,TEMPORAIREMENT SUSPENDU (Public),2025-02-28,ELEC,24 hours daily,888-758-4389,,,,,,,public,False,2025-03-19,34-38 Middle Plantation Rd NW,,,,,https://www.chargepoint.com,-84.44123,,,2025-03-19T01:21:15Z,
,2017-05-03,33.822996,['J1772'],,,,,,,,,,"{'station': ['USCPIL168765'], 'posts': ['226347', '226349']}",ChargePoint Network,T,,,,,,TEMPORARILY UNAVAILABLE (Public),,WESTOVER WESTOVER EV2,,,,,GA,,,,,,30318,,,82490,,Atlanta,GPS,,US,,,2,,,,TEMPORAIREMENT SUSPENDU (Public),2024-10-11,ELEC,24 hours daily,888-758-4389,,,,,,,public,False,2025-03-19,2475 Westover Plantation Rd NW,,,,,https://www.chargepoint.com,-84.437821,,,2025-03-19T01:21:15Z,
,2017-05-17,33.773983,['J1772'],,,,,,,,,,"{'station': ['USCPIL186689'], 'posts': ['25937171', '25937181']}",ChargePoint Network,E,,,,,,Public,,715PTREE STATION2,,,,,GA,,,,,,30308,,,82628,,Atlanta,GPS,,US,,,2,,,,Public,,ELEC,24 hours daily,888-758-4389,,,,,,,public,False,2025-03-19,715 Peachtree St NE,,,,,https://www.chargepoint.com,-84.383568,,,2025-03-19T01:23:36Z,
,2017-05-24,33.813539,['J1772'],,,,,,,,,,"{'station': ['USCPIL183653'], 'posts': ['25803861', '25803871']}",ChargePoint Network,E,,,,,,Public,,VENUE BROOKWOOD VENUE EV1,,,,,GA,,,,,,30309,,,82695,,Atlanta,GPS,,US,,,2,,,,Public,,ELEC,24 hours daily,888-758-4389,,,,,,,public,False,2025-03-19,2140 Peachtree Rd NW,,,,,https://www.chargepoint.com,-84.393912,,Back gate off of Colonial Homes Dr. Residents only.,2025-03-19T01:23:09Z,
,2017-06-21,33.772522,['J1772'],,,,,,,,,,"{'station': ['USCPIL127621'], 'posts': ['22520731', '22520741']}",ChargePoint Network,E,,,,,,Public,,PONCE CITY MKT GARAGE LEVEL 4A,,,,,GA,,,,,,30308,,,85622,,Atlanta,GPS,,US,,,2,,,,Public,,ELEC,24 hours daily,888-758-4389,,,,,,,public,False,2025-03-19,675 Ponce De Leon Ave NE,,,,,https://www.chargepoint.com,-84.365925,,,2025-03-19T01:14:11Z,
,2017-07-14,33.847675,['J1772'],,,,,,,,,,"{'station': ['USCPIL187211'], 'posts': ['26976151', '26976161']}",ChargePoint Network,E,,,,,,Public,,SALESFORCE TOWE STATION 2,,,,,GA,,,,,,30326,,,85905,,Atlanta,GPS,,US,,,2,,,,Public,,ELEC,24 hours daily,888-758-4389,,,,,,,public,False,2025-03-19,950 East Paces Ferry Rd.,,,,,https://www.chargepoint.com,-84.357445,,Parking deck level P5,2025-03-19T01:23:46Z,
,2017-07-19,33.876905,['J1772'],,,,,,,,,,"{'station': ['USCPIL168489'], 'posts': ['783241', '783251']}",ChargePoint Network,T,,,,,,TEMPORARILY UNAVAILABLE (Public),,RIVERWOOD 200 STATION 5,,,,,GA,,,,,,30339,,,85941,,Atlanta,GPS,,US,,,2,,,,TEMPORAIREMENT SUSPENDU (Public),2022-09-09,ELEC,24 hours daily,888-758-4389,,,,,,,public,False,2025-03-19,3300 Riverwood Parkway,,,,,https://www.chargepoint.com,-84.45924,,,2025-03-19T01:21:04Z,
,2017-09-26,33.780224,['J1772'],,,,,,,,,,"{'station': ['USCPIL204925'], 'posts': ['12918811', '12918821']}",ChargePoint Network,E,,,,,,Public,,PURITAN MILL PURITAN MILL EV,,,,,GA,,,,,,30318,,,87767,,Atlanta,GPS,,US,,,2,,,,Public,,ELEC,24 hours daily,888-758-4389,,,,,,,public,False,2025-03-19,916 Joseph E Lowery Blvd NW,,,,,https://www.chargepoint.com,-84.418301,,,2025-03-19T01:25:47Z,
,2017-11-08,33.829968,['J1772'],,,,,,,,,,"{'station': ['USCPIL211413'], 'posts': ['26445931', '26445941']}",ChargePoint Network,E,,,,,,Public,,N DRUID HILLS STATION 1,,,,,GA,,,,,,30329,,,88371,,Atlanta,GPS,,US,,,2,,,,Public,,ELEC,24 hours daily,888-758-4389,,,,,,,public,False,2025-03-19,7 Executive Park Dr NE,,,,,https://www.chargepoint.com,-84.338503,,Trash compactor,2025-03-19T01:26:40Z,
,2018-03-07,33.778604,['J1772'],,,,,,,,,,"{'station': ['USCPIL643451'], 'posts': ['23709451', '23709461']}",ChargePoint Network,E,,,,,,Public,,NCR HQ  MIDTOW NCR EV 13,,,,,GA,,,,,,30309,,,92375,,Atlanta,GPS,,US,,,2,,,,Public,,ELEC,24 hours daily,888-758-4389,,,,,,,public,False,2025-03-19,864 Spring St NW,,,,,https://www.chargepoint.com,-84.389433,,,2025-03-19T01:35:14Z,
,2018-03-07,33.829001,['J1772'],,,,,,,,,,"{'station': ['465ba1dd-d734-8158-93cc-330000344920'], 'posts': ['ea831b75-b259-1a82-ba00-f6aefb4b1e50']}",Blink Network,E,,,,,Free,Public,,Druid Pointe Parking Lot,,,,,GA,,,,,,30324,,,95104,,Atlanta,GPS,,US,,,1,,,,Public,,ELEC,24 hours daily,888-998-2546,,,,,,,public,False,2025-03-19,2751 Buford Hwy,,,,,https://blinkcharging.com,-84.344342,,,2025-03-19T00:43:45Z,
,2014-11-07,33.9134,['J1772'],,,,,,,,,,"{'station': ['465ba1dd-d734-8158-93cc-330000179156'], 'posts': ['d58d191f-fc44-1534-c3c3-5c8d499adb66', 'e5047ccb-8e16-4e84-b268-053a92b1a9c3']}",Blink Network,E,,,,,Free,Public,,ING - Atlanta,,,,,GA,,,,,,30327,,,96547,,Atlanta,GPS,,US,,,2,,,,Public,,ELEC,24 hours daily,888-998-2546,,,,,,,public,False,2025-03-19,5780 Powers Ferry Road NW,,,,,https://blinkcharging.com,-84.4182,,,2025-03-19T00:06:41Z,
,2018-05-30,33.877674,['J1772'],,,,,,,,,,"{'station': ['USCPIL165261'], 'posts': ['221527', '221529']}",ChargePoint Network,T,,,,,,TEMPORARILY UNAVAILABLE (Public),,RIVERWOOD 200 STATION 3,,,,,GA,,,,,,30339,,,98599,,Atlanta,GPS,,US,,,2,,,,TEMPORAIREMENT SUSPENDU (Public),2022-09-09,ELEC,24 hours daily,888-758-4389,,,,,,,public,False,2025-03-19,3300 Riverwood Pkwy,,,,,https://www.chargepoint.com,-84.459523,,,2025-03-19T01:20:33Z,
,2018-04-01,33.753606,['J1772'],,,FG,,,,,,,,Non-Networked,E,,,,,,Private,,Environmental Protection Agency,,,,,GA,,,,,,30303,,"{'id': 20, 'code': 'EPA', 'name': 'U.S. Environmental Protection Agency'}",98671,FED_GOV,Atlanta,GPS,,US,,,1,,,,Privé,,ELEC,Fleet use only,,,,,,,,private,False,2025-01-13,61 Forsyth St NW,,,,,,-84.394258,,,2025-02-12T00:16:32Z,
,2018-06-14,33.65972,['J1772'],,,,,,,,,,"{'station': ['USCPIL400971'], 'posts': ['25603821', '25603831']}",ChargePoint Network,E,,,,,,Public,,DELTA AIR LINES RESERVATIONS #1,,,,,GA,,,,,,30354,,,98882,,Atlanta,GPS,,US,,,2,,,,Public,,ELEC,24 hours daily,888-758-4389,,,,,,,public,False,2025-03-19,700 south central ave,,,,,https://www.chargepoint.com,-84.413647,,,2025-03-19T01:30:45Z,
,2011-03-15,27.995139,"['CHADEMO', 'J1772']",,,P,,,,,,,,Non-Networked,E,,,,,Free,Public - Call ahead,CALL,Courtesy Nissan - Tampa,,,,,FL,1,,LD,,False,33614,,,39978,CAR_DEALER,Tampa,200-9,,US,,,1,,,,Public - Appeler à l'avance,,ELEC,Dealership business hours,813-870-3333,,,,,,,public,False,2024-02-12,3800 W Hillsborough Ave,,,,,,-82.506186,,,2025-02-12T00:16:32Z,
,2011-03-15,28.04892,['J1772'],,,P,,,,,,,,Non-Networked,E,,,,,Free,Public - Call ahead,CALL,Ferman Nissan - North Tampa,,,,,FL,,,MD,,False,33612,,,39979,CAR_DEALER,Tampa,200-8,,US,,,1,,,,Public - Appeler à l'avance,,ELEC,Dealership business hours,813-933-6641,,,,,,,public,False,2024-02-12,11001 N Florida Ave,,,,,,-82.45832,,,2025-02-12T00:16:32Z,
,2011-10-15,27.951258,['J1772'],,,,,,,,,,"{'station': ['USCPIL705521'], 'posts': ['23204911', '23204921']}",ChargePoint Network,E,,,,,,Public,,CITY OF TAMPA TWIGGS GARAGE 1,,,,,FL,,,,,,33602,,,41814,,Tampa,GPS,,US,,,2,,,,Public,,ELEC,24 hours daily,888-758-4389,,,,,,,public,False,2025-03-19,901 E Twiggs St,,,,,https://www.chargepoint.com,-82.451781,,"Twiggs Street Garage, Level 1, near Twiggs St exit. Parking Rates Appl",2025-03-19T01:36:32Z,
,2012-03-06,27.988197,['J1772'],,,P,,,SOLAR,,,,,Non-Networked,E,,,,,Free,Public - Card key at all times,KEY_ALWAYS,Tampa Area Electrical JATC,,,,,FL,,,LD,,False,33610,,,43551,OFFICE_BLDG,Tampa,200-9,,US,,,1,,,,Public - Carte-clé en tout temps,,ELEC,8am-7pm M-F; front desk can provide key,813-621-3002,,,,,,,public,False,2023-01-10,5625 Harney Rd,,,,CleanEnergy,,-82.392164,,,2023-02-14T15:54:11Z,
,2011-03-15,27.947161,['J1772'],,,P,,,,,,,,Non-Networked,E,,,,,,Private,,AutoNation Nissan - Brandon,,,,,FL,,,,,,33619,,,47678,CAR_DEALER,Tampa,200-9,,US,,,1,,,,Privé,,ELEC,,813-623-1148,,,,,,,private,False,2024-02-12,9920 Adamo Dr,,,,,,-82.340532,,,2025-02-12T00:16:32Z,
,2011-03-15,27.995139,['J1772'],,,P,,,,,,,,Non-Networked,E,,,,,Free,Private,,Courtesy Nissan - Tampa,,,,,FL,,,LD,,,33614,,,47679,CAR_DEALER,Tampa,200-9,,US,,,1,,,,Privé,,ELEC,,813-870-3333,,,,,,,private,False,2024-02-12,3800 W Hillsborough Ave,,,,,,-82.506186,,,2025-02-12T00:16:32Z,
,2011-03-15,28.04892,['J1772'],,,P,,,,,,,,Non-Networked,E,,,,,Free,Private,,Ferman Nissan - North Tampa,,,,,FL,,,,,,33612,,,47680,CAR_DEALER,Tampa,200-8,,US,,,1,,,,Privé,,ELEC,,813-933-6641,,,,,,,private,False,2024-02-12,11001 N Florida Ave,,,,,,-82.45832,,,2025-02-12T00:16:32Z,
,2012-05-31,28.086753,['J1772'],,,,,,,,,,"{'station': ['USCPIL213999'], 'posts': ['290767', '290769']}",ChargePoint Network,E,,,,,,Public,,HILLS COUNTY KEEL LIBRARY,,,,,FL,,,,,,33618,,,48049,,Tampa,GPS,,US,,,2,,,,Public,,ELEC,24 hours daily,888-758-4389,,,,,,,public,False,2025-03-19,2902 W Bearss Ave,,,,,https://www.chargepoint.com,-82.492624,,Jimmie B Keel Regional Library.,2025-03-19T01:26:57Z,
,2011-03-15,27.947161,['J1772'],,,P,,,,,,,,Non-Networked,E,,,,,Free,Public - Call ahead,CALL,AutoNation Nissan - Brandon,,,,,FL,,,LD,,False,33619,,,61389,CAR_DEALER,Tampa,200-9,,US,,,1,,,,Public - Appeler à l'avance,,ELEC,Dealership business hours,813-623-1148,,,,,,,public,False,2024-02-12,9920 Adamo Dr,,,,,,-82.340532,,,2025-02-12T00:16:32Z,
,2011-09-01,27.941456,['J1772'],,,P,,,,,,,,Non-Networked,E,,,,,"Free, only while shopping in Publix",Public,,Publix #1182,,,,,FL,,,LD,,True,33609,,,68382,GROCERY,Tampa,GPS,,US,,,1,,,,Public,,ELEC,Store business hours; customer use only while shopping at Publix,813-250-0129,,,,,,,public,False,2024-12-10,2401 W Azeele St,,,,,,-82.48465,,Located on the first floor of the parking garage on the east side,2025-02-12T00:16:32Z,
